<productinfo
  xmlns:xsi="http://www.w3.org/2001/XMLSchema-instance"
  xsi:noNamespaceSchemaLocation="optional">
<?xml-stylesheet type="text/xsl" href="optional"?>

<matlabrelease>R2018a</matlabrelease>
<name>Poblano</name>
<type>toolbox</type>
<icon>$toolbox/matlab/icons/unknownicon.gif</icon>
<help_location>docs</help_location>

<list>
  <listitem>
    <label>Help</label>
    <callback>doc poblano_toolbox/</callback>
    <icon>$toolbox/matlab/icons/webicon.gif</icon>
  </listitem>
  <listitem>
    <label>Poblano Toolbox for MATLAB Web Site</label>
    <callback>web http://software.sandia.gov/poblano</callback>
    <icon>$toolbox/matlab/icons/webicon.gif</icon>
  </listitem>
</list>

</productinfo>
